participant_id,date,day,age,gender,height_cm,weight_kg,daily_steps,activity_type,activity_intensity,activity_duration_min,activity_calories_burned,activity_avg_heart_rate,resting_heart_rate,sleep_hours,stress_level,stress_category,target_sleep_hours,target_activity_duration,target_daily_steps,post_workout_fatigue,post_workout_sensation,mood,total_energy_expenditure,caloric_intake,caloric_balance
Emily Park,2025-01-01,Wed,35,F,168.7,65,6140,Walking,Low,40,117,114.0,66.5,7.5,4,Moderate,8,40,5000,6,Normal,Neutral,1536.7,1660,123.3
Emily Park,2025-01-02,Thu,35,F,168.7,65,7301,Walking,Medium,29,60,159.0,66.6,7.8,5,Moderate,8,40,5000,3,Normal,Bajo,1479.7,1445,-34.7
Emily Park,2025-01-03,Fri,35,F,168.7,65,10130,Walking,Medium,87,197,141.0,66.6,7.6,4,Moderate,8,40,5000,10,Normal,Excelente,1616.7,1778,161.3
Emily Park,2025-01-04,Sat,35,F,168.7,65,7979,HIIT,Low,31,134,112.0,66.7,8.5,4,Moderate,8,40,5000,7,Normal,Neutral,1553.7,1934,380.3
Emily Park,2025-01-05,Sun,35,F,168.7,65,6636,Walking,Low,60,63,122.0,66.5,8.6,4,Moderate,8,40,5000,4,Normal,Neutral,1482.7,1424,-58.7
Emily Park,2025-01-06,Mon,35,F,168.7,65,11251,Walking,Low,60,85,123.0,66.7,7.6,5,Moderate,8,40,5000,6,Normal,Excelente,1504.7,1446,-58.7
Emily Park,2025-01-07,Tue,35,F,168.7,65,15620,Running,Medium,22,127,144.0,67.1,7.9,6,Moderate,8,40,5000,9,Normal,Neutral,1546.7,1941,394.3
Emily Park,2025-01-08,Wed,35,F,168.7,65,6939,Walking,High,42,103,152.0,67.3,6.9,5,Moderate,8,40,5000,2,Normal,Neutral,1522.7,1714,191.3
Emily Park,2025-01-09,Thu,35,F,168.7,65,9303,Running,Medium,90,424,138.0,67.2,6.8,6,Moderate,8,40,5000,6,Normal,Neutral,1843.7,1726,-117.7
Emily Park,2025-01-10,Fri,35,F,168.7,65,8680,Running,Medium,90,355,149.0,66.3,6.7,6,Moderate,8,40,5000,10,Náusea,Neutral,1774.7,1910,135.3
Emily Park,2025-01-11,Sat,35,F,168.7,65,8432,Walking,Low,76,89,121.0,66.6,6.5,6,Moderate,8,40,5000,10,Normal,Neutral,1508.7,1392,-116.7
Emily Park,2025-01-12,Sun,35,F,168.7,65,8368,Walking,Low,76,111,130.0,67.1,7.3,5,Moderate,8,40,5000,7,Normal,Neutral,1530.7,1414,-116.7
Emily Park,2025-01-13,Mon,35,F,168.7,65,12473,Running,High,33,254,158.0,67.4,7.7,6,Moderate,8,40,5000,4,Normal,Excelente,1673.7,1734,60.3
Emily Park,2025-01-14,Tue,35,F,168.7,65,7812,Walking,Medium,24,56,144.0,67.0,7.5,6,Moderate,8,40,5000,3,Más Energía,Neutral,1475.7,997,-478.7
Emily Park,2025-01-15,Wed,35,F,168.7,65,10313,Walking,Medium,90,241,174.0,67.3,7.1,5,Moderate,8,40,5000,7,Normal,Excelente,1660.7,1229,-431.7
Emily Park,2025-01-16,Thu,35,F,168.7,65,7071,Walking,Medium,77,151,142.0,67.6,7.2,5,Moderate,8,40,5000,7,Normal,Neutral,1570.7,1430,-140.7
Emily Park,2025-01-17,Fri,35,F,168.7,65,7356,Walking,Low,109,149,123.0,68.2,7.1,5,Moderate,8,40,5000,2,Débil,Neutral,1568.7,1315,-253.7
Emily Park,2025-01-18,Sat,35,F,168.7,65,9121,Tennis,Medium,120,390,148.0,67.8,7.1,5,Moderate,8,40,5000,5,Más Energía,Excelente,1809.7,1888,78.3
Emily Park,2025-01-19,Sun,35,F,168.7,65,6628,Walking,Low,71,113,124.0,67.7,6.4,6,Moderate,8,40,5000,4,Más Energía,Neutral,1532.7,1305,-227.7
Emily Park,2025-01-20,Mon,35,F,168.7,65,13931,Walking,Low,32,54,123.0,68.0,7.0,5,Moderate,8,40,5000,1,Normal,Excelente,1473.7,1120,-353.7
Emily Park,2025-01-21,Tue,35,F,168.7,65,13520,Walking,Low,32,48,119.0,68.1,7.1,6,Moderate,8,40,5000,7,Normal,Excelente,1467.7,1834,366.3
Emily Park,2025-01-22,Wed,35,F,168.7,65,6392,Weight Training,Medium,106,311,130.0,67.6,5.9,6,Moderate,8,40,5000,5,Normal,Excelente,1730.7,1674,-56.7
Emily Park,2025-01-23,Thu,35,F,168.7,65,9852,Running,High,114,1186,148.0,67.8,5.9,6,Moderate,8,40,5000,1,Normal,Excelente,2605.7,2622,16.3
Emily Park,2025-01-24,Fri,35,F,168.7,65,8817,Weight Training,Low,90,209,110.0,68.0,5.7,6,Moderate,8,40,5000,4,Normal,Neutral,1628.7,1272,-356.7
Emily Park,2025-01-25,Sat,35,F,168.7,65,9813,Running,High,99,738,137.0,68.0,5.6,6,Moderate,8,40,5000,0,Más Energía,Excelente,2157.7,2021,-136.7
Emily Park,2025-01-26,Sun,35,F,168.7,65,8762,HIIT,High,92,847,153.0,68.1,5.7,6,Moderate,8,40,5000,9,Normal,Neutral,2266.7,2294,27.3
Emily Park,2025-01-27,Mon,35,F,168.7,65,13693,HIIT,High,92,1075,161.0,68.0,6.4,8,High,8,40,5000,5,Débil,Excelente,2494.7,2206,-288.7
Emily Park,2025-01-28,Tue,35,F,168.7,65,12823,HIIT,Medium,107,830,133.0,68.6,7.3,7,High,8,40,5000,8,Normal,Bajo,2249.7,2343,93.3
Emily Park,2025-01-29,Wed,35,F,168.7,65,8909,HIIT,Medium,91,582,118.0,68.2,6.3,7,High,8,40,5000,0,Más Energía,Neutral,2001.7,1851,-150.7
Emily Park,2025-01-30,Thu,35,F,168.7,65,7326,Dancing,High,37,231,148.0,67.9,6.0,9,Very High,8,40,5000,10,Normal,Neutral,1650.7,1577,-73.7
Emily Park,2025-01-31,Fri,35,F,168.7,65,8295,Dancing,High,37,236,149.0,67.9,6.2,8,High,8,40,5000,10,Normal,Neutral,1655.7,1505,-150.7
Emily Park,2025-02-01,Sat,35,F,168.7,65,9527,HIIT,High,27,269,174.0,68.3,6.5,8,High,8,40,5000,9,Más Energía,Excelente,1688.7,2151,462.3
Emily Park,2025-02-02,Sun,35,F,168.7,65,9443,HIIT,High,27,256,145.0,67.7,6.3,8,High,8,40,5000,2,Normal,Neutral,1675.7,1672,-3.7
Emily Park,2025-02-03,Mon,35,F,168.7,65,10253,HIIT,High,80,927,146.0,67.1,6.7,7,High,8,40,5000,6,Normal,Excelente,2346.7,2082,-264.7
Emily Park,2025-02-04,Tue,35,F,168.7,65,18673,HIIT,Low,75,351,132.0,66.3,7.0,6,Moderate,8,40,5000,3,Débil,Neutral,1770.7,1976,205.3
Emily Park,2025-02-05,Wed,35,F,168.7,65,9755,HIIT,Medium,62,383,141.0,66.3,7.3,6,Moderate,8,40,5000,8,Más Energía,Excelente,1802.7,1497,-305.7
Emily Park,2025-02-06,Thu,35,F,168.7,65,9368,HIIT,High,101,1068,165.0,65.9,8.2,6,Moderate,8,40,5000,2,Normal,Neutral,2487.7,2539,51.3
Emily Park,2025-02-07,Fri,35,F,168.7,65,5402,HIIT,Low,37,155,115.0,65.7,7.9,5,Moderate,8,40,5000,4,Normal,Bajo,1574.7,1084,-490.7
Emily Park,2025-02-08,Sat,35,F,168.7,65,6200,Weight Training,Medium,104,325,140.0,66.0,7.9,6,Moderate,8,40,5000,2,Normal,Neutral,1744.7,1412,-332.7
Emily Park,2025-02-09,Sun,35,F,168.7,65,10249,HIIT,Low,108,562,128.0,65.7,7.9,6,Moderate,8,40,5000,6,Más Energía,Excelente,1981.7,2030,48.3
Emily Park,2025-02-10,Mon,35,F,168.7,65,12933,HIIT,Medium,98,768,136.0,65.8,8.3,6,Moderate,8,40,5000,4,Normal,Excelente,2187.7,2372,184.3
Emily Park,2025-02-11,Tue,35,F,168.7,65,7820,HIIT,Medium,38,291,140.0,65.7,8.0,6,Moderate,8,40,5000,8,Normal,Neutral,1710.7,1753,42.3
Emily Park,2025-02-12,Wed,35,F,168.7,65,6627,Weight Training,Medium,50,138,133.0,65.9,7.0,5,Moderate,8,40,5000,6,Normal,Excelente,1557.7,1528,-29.7
Emily Park,2025-02-13,Thu,35,F,168.7,65,8372,Walking,Medium,28,64,132.0,66.1,7.0,6,Moderate,8,40,5000,1,Normal,Bajo,1483.7,1408,-75.7
Emily Park,2025-02-14,Fri,35,F,168.7,65,4571,Walking,Medium,29,63,123.0,65.8,6.7,6,Moderate,8,40,5000,3,Más Energía,Excelente,1482.7,1113,-369.7
Emily Park,2025-02-15,Sat,35,F,168.7,65,6573,Walking,Medium,25,59,118.0,65.7,6.8,5,Moderate,8,40,5000,8,Normal,Neutral,1478.7,1298,-180.7
Emily Park,2025-02-16,Sun,35,F,168.7,65,6910,Walking,Medium,29,65,122.0,66.1,6.4,5,Moderate,8,40,5000,1,Mareo,Neutral,1484.7,1369,-115.7
Emily Park,2025-02-17,Mon,35,F,168.7,65,9820,Walking,Medium,23,59,143.0,66.3,6.1,5,Moderate,8,40,5000,9,Normal,Excelente,1478.7,1743,264.3
Emily Park,2025-02-18,Tue,35,F,168.7,65,2583,Weight Training,Medium,23,54,141.0,65.7,6.2,6,Moderate,8,40,5000,8,Normal,Neutral,1473.7,1559,85.3
Emily Park,2025-02-19,Wed,35,F,168.7,65,9710,Walking,Low,105,167,117.0,66.0,6.0,6,Moderate,8,40,5000,9,Normal,Excelente,1586.7,1145,-441.7
Emily Park,2025-02-20,Thu,35,F,168.7,65,9377,Walking,Medium,95,210,127.0,65.5,6.4,6,Moderate,8,40,5000,4,Normal,Excelente,1629.7,1710,80.3
Emily Park,2025-02-21,Fri,35,F,168.7,65,9627,Walking,Medium,29,64,144.0,66.1,7.3,6,Moderate,8,40,5000,1,Mareo,Excelente,1483.7,1387,-96.7
Emily Park,2025-02-22,Sat,35,F,168.7,65,8096,Walking,Medium,29,44,135.0,66.5,7.4,6,Moderate,8,40,5000,3,Normal,Neutral,1463.7,1294,-169.7
Emily Park,2025-02-23,Sun,35,F,168.7,65,3603,Walking,Medium,20,55,146.0,66.6,7.6,6,Moderate,8,40,5000,6,Normal,Excelente,1474.7,1627,152.3
Emily Park,2025-02-24,Mon,35,F,168.7,65,5307,Walking,Medium,29,62,135.0,66.7,7.5,5,Moderate,8,40,5000,7,Más Energía,Neutral,1481.7,1739,257.3
Emily Park,2025-02-25,Tue,35,F,168.7,65,8310,Walking,Medium,36,60,139.0,66.6,6.4,5,Moderate,8,40,5000,2,Normal,Neutral,1479.7,1712,232.3
Emily Park,2025-02-26,Wed,35,F,168.7,65,1531,Walking,Low,15,41,126.0,66.8,6.7,5,Moderate,8,40,5000,0,Más Energía,Neutral,1460.7,1250,-210.7
Emily Park,2025-02-27,Thu,35,F,168.7,65,8916,Walking,Medium,104,253,148.0,66.7,6.9,4,Moderate,8,40,5000,3,Normal,Neutral,1672.7,1595,-77.7
Emily Park,2025-02-28,Fri,35,F,168.7,65,8785,Walking,Medium,83,192,145.0,66.8,6.5,5,Moderate,8,40,5000,1,Normal,Neutral,1611.7,1694,82.3
Emily Park,2025-03-01,Sat,35,F,168.7,65,6738,Walking,Medium,39,76,149.0,66.9,6.4,5,Moderate,8,40,5000,7,Normal,Neutral,1495.7,1739,243.3
Emily Park,2025-03-02,Sun,35,F,168.7,65,15595,Walking,High,100,388,144.0,66.6,6.8,5,Moderate,8,40,5000,3,Normal,Neutral,1807.7,1687,-120.7
Emily Park,2025-03-03,Mon,35,F,168.7,65,9710,Walking,High,123,441,161.0,66.1,6.1,6,Moderate,8,40,5000,1,Normal,Excelente,1860.7,1814,-46.7
Emily Park,2025-03-04,Tue,35,F,168.7,65,7926,Weight Training,High,96,573,175.0,65.7,6.3,5,Moderate,8,40,5000,5,Normal,Excelente,1992.7,1716,-276.7
Emily Park,2025-03-05,Wed,35,F,168.7,65,11840,Weight Training,High,108,436,159.0,65.0,6.2,5,Moderate,8,40,5000,5,Normal,Excelente,1855.7,1556,-299.7
Emily Park,2025-03-06,Thu,35,F,168.7,65,11914,Weight Training,High,117,457,159.0,65.2,5.6,5,Moderate,8,40,5000,9,Normal,Excelente,1876.7,2079,202.3
Emily Park,2025-03-07,Fri,35,F,168.7,65,10010,Walking,Medium,111,230,134.0,66.0,5.9,6,Moderate,8,40,5000,3,Débil,Excelente,1649.7,1988,338.3
Emily Park,2025-03-08,Sat,35,F,168.7,65,7959,Walking,Medium,55,121,139.0,66.5,6.0,7,High,8,40,5000,5,Normal,Neutral,1540.7,1522,-18.7
Emily Park,2025-03-09,Sun,35,F,168.7,65,12461,Walking,Medium,55,151,122.0,65.9,6.4,7,High,8,40,5000,1,Normal,Excelente,1570.7,1821,250.3
Emily Park,2025-03-10,Mon,35,F,168.7,65,15857,Weight Training,Low,113,318,109.0,66.1,5.4,6,Moderate,8,40,5000,9,Más Energía,Excelente,1737.7,1828,90.3
Emily Park,2025-03-11,Tue,35,F,168.7,65,9212,Weight Training,Low,110,226,117.0,66.7,5.2,6,Moderate,8,40,5000,1,Más Energía,Neutral,1645.7,1484,-161.7
Emily Park,2025-03-12,Wed,35,F,168.7,65,9614,Weight Training,Low,107,271,113.0,66.5,4.9,6,Moderate,8,40,5000,9,Normal,Excelente,1690.7,1781,90.3
Emily Park,2025-03-13,Thu,35,F,168.7,65,6542,Walking,High,110,359,171.0,66.5,5.3,6,Moderate,8,40,5000,3,Normal,Bajo,1778.7,2163,384.3
Emily Park,2025-03-14,Fri,35,F,168.7,65,7342,Walking,High,120,372,158.0,65.7,5.0,7,High,8,40,5000,7,Normal,Bajo,1791.7,1782,-9.7
Emily Park,2025-03-15,Sat,35,F,168.7,65,7509,Weight Training,Medium,83,333,130.0,65.8,6.8,6,Moderate,8,40,5000,6,Normal,Bajo,1752.7,2143,390.3
Emily Park,2025-03-16,Sun,35,F,168.7,65,11256,Weight Training,Medium,90,350,134.0,65.4,5.4,6,Moderate,8,40,5000,8,Mareo,Neutral,1769.7,1114,-655.7
Emily Park,2025-03-17,Mon,35,F,168.7,65,11444,Weight Training,Medium,81,327,126.0,65.5,5.2,6,Moderate,8,40,5000,7,Náusea,Excelente,1746.7,1952,205.3
Emily Park,2025-03-18,Tue,35,F,168.7,65,6919,Weight Training,High,91,680,140.0,64.8,4.5,7,High,8,40,5000,4,Normal,Neutral,2099.7,2121,21.3
Emily Park,2025-03-19,Wed,35,F,168.7,65,13750,Tennis,High,30,351,155.0,65.0,4.3,6,Moderate,8,40,5000,1,Normal,Excelente,1770.7,1695,-75.7
Emily Park,2025-03-20,Thu,35,F,168.7,65,6527,Cycling,Medium,105,532,137.0,65.4,4.4,6,Moderate,8,40,5000,4,Mareo,Bajo,1951.7,1974,22.3
Emily Park,2025-03-21,Fri,35,F,168.7,65,12333,Tennis,Low,90,319,125.0,65.1,4.3,5,Moderate,8,40,5000,7,Normal,Excelente,1738.7,1241,-497.7
Emily Park,2025-03-22,Sat,35,F,168.7,65,11268,Tennis,Low,90,192,126.0,64.7,4.8,5,Moderate,8,40,5000,9,Normal,Excelente,1611.7,1556,-55.7
Emily Park,2025-03-23,Sun,35,F,168.7,65,20884,Tennis,High,76,587,164.0,63.8,5.3,5,Moderate,8,40,5000,8,Más Energía,Excelente,2006.7,2096,89.3
Emily Park,2025-03-24,Mon,35,F,168.7,65,15105,Dancing,High,109,483,150.0,63.7,4.8,5,Moderate,8,40,5000,8,Normal,Excelente,1902.7,2272,369.3
Emily Park,2025-03-25,Tue,35,F,168.7,65,12515,Tennis,Low,52,129,117.0,63.4,4.0,5,Moderate,8,40,5000,0,Mareo,Excelente,1548.7,1419,-129.7
Emily Park,2025-03-26,Wed,35,F,168.7,65,14366,Tennis,Medium,104,476,150.0,62.8,3.9,6,Moderate,8,40,5000,8,Mareo,Neutral,1895.7,1693,-202.7
Emily Park,2025-03-27,Thu,35,F,168.7,65,7602,Weight Training,Medium,117,358,132.0,63.0,4.0,5,Moderate,8,40,5000,6,Más Energía,Neutral,1777.7,1652,-125.7
Emily Park,2025-03-28,Fri,35,F,168.7,65,7301,Tennis,High,21,122,165.0,62.8,4.0,6,Moderate,8,40,5000,8,Normal,Excelente,1541.7,1770,228.3
Emily Park,2025-03-29,Sat,35,F,168.7,65,10944,Tennis,Medium,119,517,153.0,62.4,4.2,5,Moderate,8,40,5000,7,Más Energía,Excelente,1936.7,2018,81.3
Emily Park,2025-03-30,Sun,35,F,168.7,65,26223,Walking,Low,119,792,172.0,62.1,4.8,6,Moderate,8,40,5000,0,Más Energía,Bajo,2211.7,2079,-132.7
Emily Park,2025-03-31,Mon,35,F,168.7,65,17310,Tennis,Medium,42,266,137.0,62.5,4.7,6,Moderate,8,40,5000,7,Normal,Excelente,1685.7,1814,128.3
Emily Park,2025-04-01,Tue,35,F,168.7,65,13349,Tennis,Low,46,132,121.0,62.8,4.0,6,Moderate,8,40,5000,7,Normal,Excelente,1551.7,1575,23.3
Emily Park,2025-04-02,Wed,35,F,168.7,65,7310,Tennis,Medium,51,219,114.0,62.7,3.9,6,Moderate,8,40,5000,10,Más Energía,Neutral,1638.7,1880,241.3
Emily Park,2025-04-03,Thu,35,F,168.7,65,13700,Tennis,Medium,51,207,118.0,63.0,4.1,6,Moderate,8,40,5000,2,Más Energía,Excelente,1626.7,1451,-175.7
Emily Park,2025-04-04,Fri,35,F,168.7,65,7904,Tennis,Medium,46,139,154.0,62.5,4.0,6,Moderate,8,40,5000,0,Normal,Neutral,1558.7,1476,-82.7
Emily Park,2025-04-05,Sat,35,F,168.7,65,8080,Tennis,Medium,41,170,143.0,62.5,3.9,6,Moderate,8,40,5000,7,Más Energía,Neutral,1589.7,1491,-98.7
Emily Park,2025-04-06,Sun,35,F,168.7,65,18472,Walking,Low,67,187,115.0,62.5,4.1,5,Moderate,8,40,5000,2,Más Energía,Neutral,1606.7,1240,-366.7
Emily Park,2025-04-07,Mon,35,F,168.7,65,17741,Tennis,Medium,120,583,145.0,62.3,4.5,5,Moderate,8,40,5000,2,Normal,Excelente,2002.7,2076,73.3
Emily Park,2025-04-08,Tue,35,F,168.7,65,10411,Yoga,Medium,22,40,142.0,62.5,4.1,5,Moderate,8,40,5000,0,Normal,Excelente,1459.7,1524,64.3
Emily Park,2025-04-09,Wed,35,F,168.7,65,8131,Yoga,Medium,22,40,151.0,62.2,4.0,6,Moderate,8,40,5000,10,Normal,Neutral,1459.7,1461,1.3
Emily Park,2025-04-10,Thu,35,F,168.7,65,10089,Swimming,High,26,162,154.0,62.4,4.0,6,Moderate,8,40,5000,4,Normal,Excelente,1581.7,1523,-58.7
Emily Park,2025-04-11,Fri,35,F,168.7,65,7925,Yoga,Low,56,82,110.0,62.6,4.1,6,Moderate,8,40,5000,9,Normal,Neutral,1501.7,1147,-354.7
Emily Park,2025-04-12,Sat,35,F,168.7,65,6974,Yoga,Low,56,73,114.0,61.4,4.1,6,Moderate,8,40,5000,6,Normal,Neutral,1492.7,1387,-105.7
Emily Park,2025-04-13,Sun,35,F,168.7,65,11125,Yoga,Low,56,73,119.0,61.9,4.1,6,Moderate,8,40,5000,9,Normal,Excelente,1492.7,1407,-85.7
Emily Park,2025-04-14,Mon,35,F,168.7,65,3682,Yoga,Low,83,114,127.0,60.7,3.9,6,Moderate,8,40,5000,8,Más Energía,Neutral,1533.7,1333,-200.7
Emily Park,2025-04-15,Tue,35,F,168.7,65,10275,Swimming,Medium,32,120,114.0,60.4,4.0,6,Moderate,8,40,5000,6,Normal,Excelente,1539.7,1499,-40.7
Emily Park,2025-04-16,Wed,35,F,168.7,65,12573,Swimming,Medium,72,324,125.0,60.8,4.0,6,Moderate,8,40,5000,8,Más Energía,Excelente,1743.7,1844,100.3
Emily Park,2025-04-17,Thu,35,F,168.7,65,13238,Swimming,Medium,70,321,126.0,60.7,4.1,8,High,8,40,5000,7,Normal,Excelente,1740.7,2212,471.3
Emily Park,2025-04-18,Fri,35,F,168.7,65,9138,Swimming,Medium,68,304,127.0,60.1,4.0,7,High,8,40,5000,1,Normal,Excelente,1723.7,1767,43.3
Emily Park,2025-04-19,Sat,35,F,168.7,65,8867,Yoga,Medium,47,77,124.0,59.6,5.7,7,High,8,40,5000,0,Normal,Neutral,1496.7,1561,64.3
Emily Park,2025-04-20,Sun,35,F,168.7,65,13496,Tennis,Medium,94,558,128.0,60.0,4.6,7,High,8,40,5000,6,Más Energía,Excelente,1977.7,1959,-18.7
Emily Park,2025-04-21,Mon,35,F,168.7,65,15874,Tennis,Medium,94,558,128.0,59.3,5.2,7,High,8,40,5000,6,Normal,Excelente,1977.7,1498,-479.7
Emily Park,2025-04-22,Tue,35,F,168.7,65,12430,Tennis,Medium,94,393,137.0,59.7,4.4,6,Moderate,8,40,5000,7,Mareo,Neutral,1812.7,1806,-6.7
Emily Park,2025-04-23,Wed,35,F,168.7,65,13168,Tennis,Low,67,218,125.0,59.7,4.4,5,Moderate,8,40,5000,4,Normal,Neutral,1637.7,1652,14.3
Emily Park,2025-04-24,Thu,35,F,168.7,65,11262,Tennis,Low,93,332,116.0,59.2,4.9,5,Moderate,8,40,5000,2,Normal,Excelente,1751.7,2367,615.3
Emily Park,2025-04-25,Fri,35,F,168.7,65,10723,Tennis,Low,93,280,115.0,58.9,5.4,5,Moderate,8,40,5000,7,Débil,Excelente,1699.7,1651,-48.7
Emily Park,2025-04-26,Sat,35,F,168.7,65,12341,Tennis,Medium,120,690,143.0,58.5,5.2,4,Moderate,8,40,5000,5,Normal,Excelente,2109.7,2185,75.3
Emily Park,2025-04-27,Sun,35,F,168.7,65,16306,Weight Training,Medium,99,540,122.0,58.9,5.7,4,Moderate,8,40,5000,10,Normal,Excelente,1959.7,1951,-8.7
Emily Park,2025-04-28,Mon,35,F,168.7,65,15820,Tennis,Low,113,548,110.0,59.2,6.1,4,Moderate,8,40,5000,2,Normal,Excelente,1967.7,1675,-292.7
Emily Park,2025-04-29,Tue,35,F,168.7,65,10672,Tennis,Low,92,251,122.0,58.5,6.7,5,Moderate,8,40,5000,0,Normal,Neutral,1670.7,1956,285.3
Emily Park,2025-04-30,Wed,35,F,168.7,65,7732,Weight Training,Medium,109,367,127.0,58.3,6.8,5,Moderate,8,40,5000,2,Más Energía,Excelente,1786.7,1974,187.3
Emily Park,2025-05-01,Thu,35,F,168.7,65,9773,Tennis,Low,94,359,113.0,57.9,6.6,5,Moderate,8,40,5000,4,Normal,Excelente,1778.7,1976,197.3
Emily Park,2025-05-02,Fri,35,F,168.7,65,8215,Weight Training,Medium,100,369,138.0,58.4,6.5,5,Moderate,8,40,5000,2,Normal,Neutral,1788.7,1561,-227.7
Emily Park,2025-05-03,Sat,35,F,168.7,65,8951,Weight Training,Medium,89,390,141.0,57.9,6.3,4,Moderate,8,40,5000,0,Normal,Neutral,1809.7,2160,350.3
Emily Park,2025-05-04,Sun,35,F,168.7,65,11082,Walking,Low,51,180,129.0,58.5,6.1,4,Moderate,8,40,5000,4,Más Energía,Excelente,1599.7,1249,-350.7
Emily Park,2025-05-05,Mon,35,F,168.7,65,14380,Weight Training,Medium,100,511,135.0,58.5,5.1,5,Moderate,8,40,5000,9,Normal,Excelente,1930.7,2077,146.3
Emily Park,2025-05-06,Tue,35,F,168.7,65,7203,Weight Training,Low,68,201,121.0,58.0,4.5,6,Moderate,8,40,5000,6,Normal,Neutral,1620.7,2168,547.3
Emily Park,2025-05-07,Wed,35,F,168.7,65,6795,Weight Training,Medium,76,264,149.0,57.8,4.8,6,Moderate,8,40,5000,6,Más Energía,Neutral,1683.7,1436,-247.7
Emily Park,2025-05-08,Thu,35,F,168.7,65,8836,Yoga,Medium,36,66,148.0,57.4,4.6,7,High,8,40,5000,10,Más Energía,Bajo,1485.7,1344,-141.7
Emily Park,2025-05-09,Fri,35,F,168.7,65,7209,Yoga,Low,83,98,117.0,56.9,5.3,5,Moderate,8,40,5000,8,Normal,Neutral,1517.7,1542,24.3
Emily Park,2025-05-10,Sat,35,F,168.7,65,8593,Yoga,Medium,68,124,137.0,56.9,5.4,5,Moderate,8,40,5000,9,Normal,Neutral,1543.7,1417,-126.7
Emily Park,2025-05-11,Sun,35,F,168.7,65,14654,HIIT,Medium,37,395,143.0,56.4,6.1,6,Moderate,8,40,5000,9,Normal,Excelente,1814.7,1427,-387.7
Emily Park,2025-05-12,Mon,35,F,168.7,65,3560,Yoga,Medium,30,72,150.0,55.6,6.4,7,High,8,40,5000,2,Normal,Neutral,1491.7,1508,16.3
Emily Park,2025-05-13,Tue,35,F,168.7,65,7975,HIIT,Medium,59,501,121.0,55.4,5.9,7,High,8,40,5000,6,Normal,Bajo,1920.7,1655,-265.7
Emily Park,2025-05-14,Wed,35,F,168.7,65,5858,Yoga,Medium,26,46,132.0,54.7,6.4,6,Moderate,8,40,5000,0,Normal,Neutral,1465.7,1584,118.3
Emily Park,2025-05-15,Thu,35,F,168.7,65,8637,HIIT,Low,67,339,117.0,54.4,7.0,5,Moderate,8,40,5000,3,Normal,Neutral,1758.7,1528,-230.7
Emily Park,2025-05-16,Fri,35,F,168.7,65,8282,Yoga,Low,84,112,125.0,54.0,7.0,4,Moderate,8,40,5000,3,Normal,Neutral,1531.7,1919,387.3
Emily Park,2025-05-17,Sat,35,F,168.7,65,11938,Dancing,Low,53,108,117.0,53.6,7.2,4,Moderate,8,40,5000,4,Dolor de Pecho,Excelente,1527.7,1331,-196.7
Emily Park,2025-05-18,Sun,35,F,168.7,65,14210,HIIT,Medium,115,686,116.0,54.4,7.6,4,Moderate,8,40,5000,6,Más Energía,Excelente,2105.7,2025,-80.7
Emily Park,2025-05-19,Mon,35,F,168.7,65,15018,HIIT,Medium,112,1060,145.0,54.4,7.8,4,Moderate,8,40,5000,6,Normal,Excelente,2479.7,2683,203.3
Emily Park,2025-05-20,Tue,35,F,168.7,65,8244,HIIT,Low,81,464,118.0,54.5,7.5,4,Moderate,8,40,5000,10,Dolor de Pecho,Neutral,1883.7,1576,-307.7
Emily Park,2025-05-21,Wed,35,F,168.7,65,7888,HIIT,Low,109,504,115.0,53.8,8.3,4,Moderate,8,40,5000,3,Más Energía,Neutral,1923.7,1980,56.3
Emily Park,2025-05-22,Thu,35,F,168.7,65,7105,HIIT,Low,90,584,128.0,53.5,8.2,5,Moderate,8,40,5000,6,Normal,Neutral,2003.7,2330,326.3
Emily Park,2025-05-23,Fri,35,F,168.7,65,12741,HIIT,Low,102,594,115.0,53.6,8.3,5,Moderate,8,40,5000,10,Normal,Bajo,2013.7,1611,-402.7
Emily Park,2025-05-24,Sat,35,F,168.7,65,8637,Weight Training,Low,63,211,115.0,53.2,8.8,6,Moderate,8,40,5000,2,Normal,Neutral,1630.7,1676,45.3
Emily Park,2025-05-25,Sun,35,F,168.7,65,13156,Walking,Low,70,222,111.0,53.6,10.0,5,Moderate,8,40,5000,5,Normal,Excelente,1641.7,1706,64.3
Emily Park,2025-05-26,Mon,35,F,168.7,65,13985,Walking,Low,73,245,111.0,53.1,9.0,5,Moderate,8,40,5000,1,Normal,Excelente,1664.7,1860,195.3
Emily Park,2025-05-27,Tue,35,F,168.7,65,11297,Weight Training,Low,67,157,111.0,52.9,8.1,5,Moderate,8,40,5000,9,Normal,Excelente,1576.7,1267,-309.7
Emily Park,2025-05-28,Wed,35,F,168.7,65,11334,HIIT,Low,58,381,117.0,52.7,8.6,4,Moderate,8,40,5000,8,Normal,Excelente,1800.7,1470,-330.7
Emily Park,2025-05-29,Thu,35,F,168.7,65,10574,HIIT,Low,58,363,122.0,52.8,7.7,6,Moderate,8,40,5000,4,Mareo,Excelente,1782.7,1913,130.3
Emily Park,2025-05-30,Fri,35,F,168.7,65,10500,HIIT,Low,74,398,130.0,52.5,8.3,6,Moderate,8,40,5000,5,Más Energía,Excelente,1817.7,1891,73.3
Emily Park,2025-05-31,Sat,35,F,168.7,65,6022,Yoga,Low,116,163,118.0,52.4,8.3,6,Moderate,8,40,5000,3,Normal,Neutral,1582.7,1645,62.3
Emily Park,2025-06-01,Sun,35,F,168.7,65,13593,HIIT,High,55,681,149.0,52.3,9.3,6,Moderate,8,40,5000,10,Mareo,Excelente,2100.7,2187,86.3
Emily Park,2025-06-02,Mon,35,F,168.7,65,15602,Walking,Low,55,700,160.0,52.0,8.8,7,High,8,40,5000,9,Débil,Neutral,2119.7,1949,-170.7
Emily Park,2025-06-03,Tue,35,F,168.7,65,9283,HIIT,High,54,549,140.0,52.2,7.6,7,High,8,40,5000,6,Débil,Excelente,1968.7,2026,57.3
Emily Park,2025-06-04,Wed,35,F,168.7,65,7556,Weight Training,Medium,95,420,146.0,52.2,7.8,5,Moderate,8,40,5000,8,Normal,Excelente,1839.7,1912,72.3
Emily Park,2025-06-05,Thu,35,F,168.7,65,9118,HIIT,Medium,70,754,147.0,52.2,7.8,6,Moderate,8,40,5000,6,Más Energía,Neutral,2173.7,1995,-178.7
Emily Park,2025-06-06,Fri,35,F,168.7,65,9733,HIIT,Medium,85,824,148.0,52.0,7.6,6,Moderate,8,40,5000,0,Normal,Neutral,2243.7,2710,466.3
Emily Park,2025-06-07,Sat,35,F,168.7,65,8664,HIIT,Medium,60,610,131.0,52.3,7.7,6,Moderate,8,40,5000,0,Más Energía,Neutral,2029.7,2148,118.3
Emily Park,2025-06-08,Sun,35,F,168.7,65,12802,Walking,Low,84,789,138.0,52.2,9.3,5,Moderate,8,40,5000,8,Débil,Excelente,2208.7,1910,-298.7
Emily Park,2025-06-09,Mon,35,F,168.7,65,13306,Walking,Low,88,865,148.0,52.1,9.8,5,Moderate,8,40,5000,10,Más Energía,Excelente,2284.7,2448,163.3
Emily Park,2025-06-10,Tue,35,F,168.7,65,7726,HIIT,Medium,83,673,143.0,52.1,6.0,4,Moderate,8,40,5000,8,Más Energía,Bajo,2092.7,1849,-243.7
Emily Park,2025-06-11,Wed,35,F,168.7,65,8647,HIIT,High,31,519,154.0,52.8,9.9,5,Moderate,8,40,5000,3,Más Energía,Excelente,1938.7,2135,196.3
Emily Park,2025-06-12,Thu,35,F,168.7,65,8200,Running,Low,79,402,114.0,52.3,10.0,4,Moderate,8,40,5000,8,Más Energía,Neutral,1821.7,2111,289.3
Emily Park,2025-06-13,Fri,35,F,168.7,65,9741,HIIT,Low,60,342,117.0,52.6,10.0,5,Moderate,8,40,5000,2,Normal,Bajo,1761.7,1556,-205.7
Emily Park,2025-06-14,Sat,35,F,168.7,65,7732,Cycling,Low,65,297,118.0,51.8,9.6,6,Moderate,8,40,5000,6,Normal,Neutral,1716.7,1957,240.3
Emily Park,2025-06-15,Sun,35,F,168.7,65,18867,Swimming,High,105,863,132.0,51.9,9.7,6,Moderate,8,40,5000,5,Normal,Excelente,2282.7,2385,102.3
Emily Park,2025-06-16,Mon,35,F,168.7,65,15992,Swimming,Medium,58,366,141.0,52.5,10.0,5,Moderate,8,40,5000,7,Náusea,Excelente,1785.7,1991,205.3
Emily Park,2025-06-17,Tue,35,F,168.7,65,9479,Swimming,Medium,70,358,135.0,52.7,8.9,5,Moderate,8,40,5000,10,Normal,Neutral,1777.7,2251,473.3
Emily Park,2025-06-18,Wed,35,F,168.7,65,11524,Swimming,Low,87,292,117.0,52.7,9.3,5,Moderate,8,40,5000,8,Normal,Neutral,1711.7,1650,-61.7
Emily Park,2025-06-19,Thu,35,F,168.7,65,7861,Yoga,Medium,85,149,160.0,52.5,9.1,5,Moderate,8,40,5000,4,Normal,Bajo,1568.7,1380,-188.7
Emily Park,2025-06-20,Fri,35,F,168.7,65,10355,Yoga,Medium,71,163,159.0,52.5,9.6,5,Moderate,8,40,5000,0,Normal,Excelente,1582.7,1360,-222.7
Emily Park,2025-06-21,Sat,35,F,168.7,65,5144,Yoga,High,45,117,151.0,52.4,10.1,5,Moderate,8,40,5000,2,Más Energía,Excelente,1536.7,1332,-204.7
Emily Park,2025-06-22,Sun,35,F,168.7,65,9794,Yoga,Low,33,59,129.0,52.1,9.9,5,Moderate,8,40,5000,9,Náusea,Neutral,1478.7,1459,-19.7
Emily Park,2025-06-23,Mon,35,F,168.7,65,8162,Yoga,Medium,114,284,131.0,52.0,9.9,5,Moderate,8,40,5000,7,Normal,Neutral,1703.7,1789,85.3
Emily Park,2025-06-24,Tue,35,F,168.7,65,6742,Yoga,High,81,301,158.0,52.0,9.9,4,Moderate,8,40,5000,10,Náusea,Neutral,1720.7,1789,68.3
Emily Park,2025-06-25,Wed,35,F,168.7,65,7740,Yoga,High,90,317,153.0,51.7,10.1,4,Moderate,8,40,5000,5,Normal,Neutral,1736.7,1943,206.3
Emily Park,2025-06-26,Thu,35,F,168.7,65,6960,Yoga,High,83,256,159.0,51.4,10.1,6,Moderate,8,40,5000,7,Normal,Neutral,1675.7,1678,2.3
Emily Park,2025-06-27,Fri,35,F,168.7,65,4132,Running,Low,24,111,125.0,50.8,9.2,6,Moderate,8,40,5000,8,Más Energía,Bajo,1530.7,1894,363.3
Emily Park,2025-06-28,Sat,35,F,168.7,65,10246,Running,Low,24,132,121.0,51.0,9.4,6,Moderate,8,40,5000,3,Normal,Excelente,1551.7,1485,-66.7
Emily Park,2025-06-29,Sun,35,F,168.7,65,15048,HIIT,Medium,117,1058,136.0,51.2,9.8,5,Moderate,8,40,5000,0,Normal,Neutral,2477.7,3157,679.3
Emily Park,2025-06-30,Mon,35,F,168.7,65,14176,HIIT,Medium,110,980,115.0,51.3,10.0,5,Moderate,8,40,5000,0,Más Energía,Excelente,2399.7,2556,156.3
Emily Park,2025-07-01,Tue,35,F,168.7,65,8805,HIIT,Medium,102,941,139.0,51.6,10.1,4,Moderate,8,40,5000,9,Normal,Neutral,2360.7,2146,-214.7
Emily Park,2025-07-02,Wed,35,F,168.7,65,8129,Weight Training,Medium,88,488,150.0,51.7,10.1,4,Moderate,8,40,5000,3,Normal,Neutral,1907.7,1640,-267.7
Emily Park,2025-07-03,Thu,35,F,168.7,65,9323,Running,Medium,86,681,151.0,51.8,10.0,5,Moderate,8,40,5000,6,Normal,Neutral,2100.7,2221,120.3
Emily Park,2025-07-04,Fri,35,F,168.7,65,10338,Running,High,34,436,132.0,51.9,10.0,5,Moderate,8,40,5000,1,Normal,Excelente,1855.7,1799,-56.7
Emily Park,2025-07-05,Sat,35,F,168.7,65,13199,Running,Medium,21,155,118.0,51.9,8.7,4,Moderate,8,40,5000,2,Normal,Excelente,1574.7,1753,178.3
Emily Park,2025-07-06,Sun,35,F,168.7,65,6623,Yoga,Medium,29,64,130.0,51.7,9.9,3,Low,8,40,5000,0,Normal,Bajo,1483.7,1602,118.3
Emily Park,2025-07-07,Mon,35,F,168.7,65,6824,Yoga,Medium,29,66,129.0,52.5,10.1,3,Low,8,40,5000,4,Más Energía,Neutral,1485.7,1467,-18.7
Emily Park,2025-07-08,Tue,35,F,168.7,65,5397,Yoga,Medium,31,61,131.0,52.4,7.5,3,Low,8,40,5000,0,Más Energía,Excelente,1480.7,1269,-211.7
Emily Park,2025-07-09,Wed,35,F,168.7,65,5918,Yoga,Medium,29,82,136.0,52.1,10.0,5,Moderate,8,40,5000,7,Más Energía,Excelente,1501.7,1123,-378.7
Emily Park,2025-07-10,Thu,35,F,168.7,65,5126,Yoga,Medium,33,71,118.0,52.2,10.0,5,Moderate,8,40,5000,0,Más Energía,Neutral,1490.7,1379,-111.7
Emily Park,2025-07-11,Fri,35,F,168.7,65,9123,Yoga,Medium,99,239,129.0,52.3,10.1,4,Moderate,8,40,5000,10,Más Energía,Excelente,1658.7,1872,213.3
Emily Park,2025-07-12,Sat,35,F,168.7,65,9550,Basketball,High,81,916,160.0,51.8,9.9,5,Moderate,8,40,5000,0,Normal,Excelente,2335.7,2389,53.3
Emily Park,2025-07-13,Sun,35,F,168.7,65,12585,HIIT,Medium,85,656,123.0,52.2,10.0,5,Moderate,8,40,5000,1,Normal,Excelente,2075.7,1764,-311.7
Emily Park,2025-07-14,Mon,35,F,168.7,65,10285,Weight Training,Medium,96,458,121.0,52.2,10.1,4,Moderate,8,40,5000,1,Normal,Bajo,1877.7,1921,43.3
Emily Park,2025-07-15,Tue,35,F,168.7,65,7096,Weight Training,Medium,96,454,133.0,51.7,6.9,4,Moderate,8,40,5000,5,Normal,Excelente,1873.7,1970,96.3
Emily Park,2025-07-16,Wed,35,F,168.7,65,5154,Basketball,Low,57,218,114.0,52.2,9.9,5,Moderate,8,40,5000,6,Normal,Neutral,1637.7,1416,-221.7
Emily Park,2025-07-17,Thu,35,F,168.7,65,5320,Basketball,Low,60,240,127.0,52.4,10.1,5,Moderate,8,40,5000,4,Normal,Neutral,1659.7,1698,38.3
Emily Park,2025-07-18,Fri,35,F,168.7,65,5252,Basketball,Low,50,223,118.0,51.9,10.0,4,Moderate,8,40,5000,0,Más Energía,Neutral,1642.7,1657,14.3
Emily Park,2025-07-19,Sat,35,F,168.7,65,8764,Basketball,Medium,79,597,131.0,52.6,10.0,4,Moderate,8,40,5000,0,Débil,Bajo,2016.7,1730,-286.7
Emily Park,2025-07-20,Sun,35,F,168.7,65,11145,Weight Training,Low,49,203,119.0,52.9,10.1,3,Low,8,40,5000,2,Normal,Excelente,1622.7,1712,89.3
Emily Park,2025-07-21,Mon,35,F,168.7,65,13058,Walking,Low,72,507,144.0,52.9,9.9,3,Low,8,40,5000,1,Normal,Excelente,1926.7,2066,139.3
Emily Park,2025-07-22,Tue,35,F,168.7,65,5177,Weight Training,Medium,86,450,133.0,53.5,10.0,4,Moderate,8,40,5000,4,Normal,Neutral,1869.7,2140,270.3
Emily Park,2025-07-23,Wed,35,F,168.7,65,5275,Weight Training,Medium,42,134,133.0,53.5,10.0,4,Moderate,8,40,5000,9,Mareo,Neutral,1553.7,1817,263.3
Emily Park,2025-07-24,Thu,35,F,168.7,65,6285,Weight Training,Medium,45,140,134.0,53.5,10.0,4,Moderate,8,40,5000,5,Mareo,Neutral,1559.7,1215,-344.7
Emily Park,2025-07-25,Fri,35,F,168.7,65,5884,Weight Training,Medium,50,173,145.0,53.2,9.9,5,Moderate,8,40,5000,6,Normal,Neutral,1592.7,1358,-234.7
Emily Park,2025-07-26,Sat,35,F,168.7,65,5480,Weight Training,Low,34,100,124.0,53.5,9.9,5,Moderate,8,40,5000,3,Más Energía,Excelente,1519.7,1648,128.3
Emily Park,2025-07-27,Sun,35,F,168.7,65,8240,Walking,Low,62,308,142.0,53.7,10.0,6,Moderate,8,40,5000,6,Normal,Neutral,1727.7,1856,128.3
Emily Park,2025-07-28,Mon,35,F,168.7,65,4051,Weight Training,Medium,30,139,128.0,53.7,10.0,6,Moderate,8,40,5000,10,Normal,Bajo,1558.7,1687,128.3
Emily Park,2025-07-29,Tue,35,F,168.7,65,3601,Walking,Low,25,120,120.0,53.3,7.4,6,Moderate,8,40,5000,7,Normal,Neutral,1539.7,2502,962.3
Emily Park,2025-07-30,Wed,35,F,168.7,65,7058,Weight Training,Medium,66,343,142.0,53.4,9.9,6,Moderate,8,40,5000,10,Normal,Neutral,1762.7,1905,142.3
Emily Park,2025-07-31,Thu,35,F,168.7,65,5625,Weight Training,Medium,65,345,123.0,53.3,10.0,5,Moderate,8,40,5000,0,Débil,Neutral,1764.7,2048,283.3
Emily Park,2025-08-01,Fri,35,F,168.7,65,11031,Walking,Low,63,310,139.0,52.8,9.9,5,Moderate,8,40,5000,5,Más Energía,Neutral,1729.7,1968,238.3
Emily Park,2025-08-02,Sat,35,F,168.7,65,5295,Weight Training,Low,109,330,117.0,52.2,7.3,5,Moderate,8,40,5000,7,Normal,Neutral,1749.7,1912,162.3
Emily Park,2025-08-03,Sun,35,F,168.7,65,16240,Cycling,Low,82,430,136.0,52.4,10.0,4,Moderate,8,40,5000,4,Más Energía,Excelente,1849.7,1770,-79.7
Emily Park,2025-08-04,Mon,35,F,168.7,65,13863,Cycling,Low,100,440,122.0,51.4,10.0,3,Low,8,40,5000,3,Mareo,Excelente,1859.7,2049,189.3
Emily Park,2025-08-05,Tue,35,F,168.7,65,8691,Walking,Low,115,479,126.0,51.4,9.3,3,Low,8,40,5000,1,Dolor de Pecho,Neutral,1898.7,1705,-193.7
Emily Park,2025-08-06,Wed,35,F,168.7,65,8520,Cycling,Low,120,497,133.0,51.2,9.1,4,Moderate,8,40,5000,5,Normal,Neutral,1916.7,1857,-59.7
Emily Park,2025-08-07,Thu,35,F,168.7,65,3938,Cycling,Medium,85,471,153.0,51.8,8.9,5,Moderate,8,40,5000,5,Normal,Bajo,1890.7,1769,-121.7
Emily Park,2025-08-08,Fri,35,F,168.7,65,7123,Walking,Low,59,251,116.0,51.5,8.8,5,Moderate,8,40,5000,10,Normal,Neutral,1670.7,1691,20.3
Emily Park,2025-08-09,Sat,35,F,168.7,65,7343,Cycling,High,98,963,148.0,51.8,8.6,6,Moderate,8,40,5000,0,Normal,Neutral,2382.7,2961,578.3
Emily Park,2025-08-10,Sun,35,F,168.7,65,11546,Cycling,High,103,1030,146.0,51.6,8.9,6,Moderate,8,40,5000,8,Normal,Excelente,2449.7,1982,-467.7
Emily Park,2025-08-11,Mon,35,F,168.7,65,11670,Walking,Low,31,155,130.0,51.7,8.4,6,Moderate,8,40,5000,10,Normal,Excelente,1574.7,1746,171.3
Emily Park,2025-08-12,Tue,35,F,168.7,65,7671,Walking,Low,35,107,126.0,52.0,8.7,6,Moderate,8,40,5000,5,Normal,Neutral,1526.7,1123,-403.7
Emily Park,2025-08-13,Wed,35,F,168.7,65,5844,Cycling,Medium,49,373,139.0,51.8,9.1,5,Moderate,8,40,5000,2,Normal,Neutral,1792.7,1674,-118.7
Emily Park,2025-08-14,Thu,35,F,168.7,65,8713,Cycling,Medium,50,455,125.0,52.2,8.9,6,Moderate,8,40,5000,3,Normal,Neutral,1874.7,2146,271.3
Emily Park,2025-08-15,Fri,35,F,168.7,65,5761,Walking,Low,36,286,145.0,51.8,8.5,6,Moderate,8,40,5000,10,Normal,Neutral,1705.7,1721,15.3
Emily Park,2025-08-16,Sat,35,F,168.7,65,5726,Cycling,Medium,81,403,157.0,51.9,7.9,5,Moderate,8,40,5000,3,Normal,Neutral,1822.7,1553,-269.7
Emily Park,2025-08-17,Sun,35,F,168.7,65,11909,Cycling,Medium,27,189,128.0,52.2,8.2,5,Moderate,8,40,5000,2,Normal,Excelente,1608.7,1429,-179.7
Emily Park,2025-08-18,Mon,35,F,168.7,65,11447,Yoga,High,109,431,132.0,52.5,8.1,6,Moderate,8,40,5000,9,Normal,Excelente,1850.7,2020,169.3
Emily Park,2025-08-19,Tue,35,F,168.7,65,2860,Yoga,Medium,93,233,139.0,53.2,6.6,6,Moderate,8,40,5000,2,Normal,Bajo,1652.7,1470,-182.7
Emily Park,2025-08-20,Wed,35,F,168.7,65,3302,Yoga,Medium,70,151,135.0,52.9,6.7,6,Moderate,8,40,5000,2,Normal,Bajo,1570.7,1624,53.3
Emily Park,2025-08-21,Thu,35,F,168.7,65,8123,Walking,Low,61,227,129.0,52.4,6.3,6,Moderate,8,40,5000,3,Normal,Bajo,1646.7,1658,11.3
Emily Park,2025-08-22,Fri,35,F,168.7,65,3033,Yoga,Medium,93,239,131.0,52.0,6.9,5,Moderate,8,40,5000,6,Normal,Neutral,1658.7,1495,-163.7
Emily Park,2025-08-23,Sat,35,F,168.7,65,7026,Cycling,Medium,118,747,143.0,52.2,6.3,6,Moderate,8,40,5000,3,Normal,Neutral,2166.7,2702,535.3
Emily Park,2025-08-24,Sun,35,F,168.7,65,6601,Yoga,Medium,117,298,123.0,52.4,5.7,5,Moderate,8,40,5000,8,Normal,Excelente,1717.7,1876,158.3
Emily Park,2025-08-25,Mon,35,F,168.7,65,9173,Cycling,Medium,29,241,154.0,52.4,6.9,5,Moderate,8,40,5000,0,Mareo,Excelente,1660.7,1154,-506.7
Emily Park,2025-08-26,Tue,35,F,168.7,65,5279,Cycling,Medium,31,207,164.0,52.0,6.4,6,Moderate,8,40,5000,7,Normal,Neutral,1626.7,1673,46.3
Emily Park,2025-08-27,Wed,35,F,168.7,65,6057,Cycling,Medium,29,197,153.0,52.3,6.4,6,Moderate,8,40,5000,6,Normal,Excelente,1616.7,1451,-165.7
Emily Park,2025-08-28,Thu,35,F,168.7,65,6217,Weight Training,Low,79,259,132.0,51.8,6.1,6,Moderate,8,40,5000,1,Mareo,Neutral,1678.7,1891,212.3
Emily Park,2025-08-29,Fri,35,F,168.7,65,7371,Running,Low,76,358,114.0,52.2,6.4,6,Moderate,8,40,5000,7,Normal,Excelente,1777.7,1579,-198.7
Emily Park,2025-08-30,Sat,35,F,168.7,65,4128,Cycling,Low,110,512,117.0,53.4,5.4,6,Moderate,8,40,5000,0,Náusea,Bajo,1931.7,1903,-28.7
Emily Park,2025-08-31,Sun,35,F,168.7,65,9326,Cycling,Low,63,279,115.0,53.5,5.0,6,Moderate,8,40,5000,10,Normal,Excelente,1698.7,1824,125.3
Emily Park,2025-09-01,Mon,35,F,168.7,65,13215,Walking,Low,67,405,119.0,53.7,4.9,6,Moderate,8,40,5000,8,Normal,Neutral,1824.7,2041,216.3
Emily Park,2025-09-02,Tue,35,F,168.7,65,4866,Cycling,Medium,80,681,158.0,53.5,4.9,6,Moderate,8,40,5000,8,Normal,Bajo,2100.7,1800,-300.7
Emily Park,2025-09-03,Wed,35,F,168.7,65,5154,Cycling,Medium,73,653,149.0,52.8,5.0,6,Moderate,8,40,5000,1,Más Energía,Neutral,2072.7,1989,-83.7
Emily Park,2025-09-04,Thu,35,F,168.7,65,7789,Cycling,High,33,398,140.0,52.5,5.1,6,Moderate,8,40,5000,6,Normal,Neutral,1817.7,1698,-119.7
Emily Park,2025-09-05,Fri,35,F,168.7,65,8369,Cycling,High,33,458,147.0,52.1,5.5,5,Moderate,8,40,5000,9,Débil,Neutral,1877.7,1714,-163.7
Emily Park,2025-09-06,Sat,35,F,168.7,65,4888,Cycling,Low,88,401,128.0,51.5,6.4,5,Moderate,8,40,5000,2,Normal,Bajo,1820.7,2262,441.3
Emily Park,2025-09-07,Sun,35,F,168.7,65,11596,Cycling,Medium,96,684,142.0,52.2,6.3,6,Moderate,8,40,5000,6,Más Energía,Excelente,2103.7,2204,100.3
Emily Park,2025-09-08,Mon,35,F,168.7,65,12116,Cycling,Medium,96,839,137.0,52.3,6.8,6,Moderate,8,40,5000,9,Normal,Excelente,2258.7,1943,-315.7
Emily Park,2025-09-09,Tue,35,F,168.7,65,6297,Weight Training,Medium,52,323,147.0,52.4,6.8,5,Moderate,8,40,5000,8,Más Energía,Neutral,1742.7,1972,229.3
Emily Park,2025-09-10,Wed,35,F,168.7,65,5988,Cycling,Medium,43,238,120.0,52.3,6.2,4,Moderate,8,40,5000,3,Normal,Neutral,1657.7,2188,530.3
Emily Park,2025-09-11,Thu,35,F,168.7,65,6373,Cycling,Medium,43,278,131.0,52.2,6.7,5,Moderate,8,40,5000,0,Normal,Excelente,1697.7,1955,257.3
Emily Park,2025-09-12,Fri,35,F,168.7,65,6905,Cycling,Medium,40,368,123.0,52.6,6.2,6,Moderate,8,40,5000,1,Normal,Neutral,1787.7,1407,-380.7
Emily Park,2025-09-13,Sat,35,F,168.7,65,6727,Cycling,Medium,43,337,127.0,52.6,6.3,6,Moderate,8,40,5000,0,Normal,Neutral,1756.7,1635,-121.7
Emily Park,2025-09-14,Sun,35,F,168.7,65,11888,Weight Training,Low,84,341,120.0,52.8,6.4,6,Moderate,8,40,5000,4,Normal,Excelente,1760.7,2077,316.3
Emily Park,2025-09-15,Mon,35,F,168.7,65,13868,Walking,Medium,31,194,132.0,52.7,6.4,6,Moderate,8,40,5000,4,Normal,Excelente,1613.7,1436,-177.7
Emily Park,2025-09-16,Tue,35,F,168.7,65,7474,Walking,Medium,31,125,153.0,52.6,5.0,7,High,8,40,5000,10,Más Energía,Bajo,1544.7,1655,110.3
Emily Park,2025-09-17,Wed,35,F,168.7,65,4922,Walking,Medium,34,169,172.0,52.0,5.5,6,Moderate,8,40,5000,6,Normal,Bajo,1588.7,1782,193.3
Emily Park,2025-09-18,Thu,35,F,168.7,65,4911,Walking,Medium,36,202,153.0,51.2,5.9,7,High,8,40,5000,8,Más Energía,Bajo,1621.7,1389,-232.7
Emily Park,2025-09-19,Fri,35,F,168.7,65,4525,Walking,High,106,493,156.0,51.1,5.9,6,Moderate,8,40,5000,8,Mareo,Bajo,1912.7,1897,-15.7
Emily Park,2025-09-20,Sat,35,F,168.7,65,4799,Weight Training,Low,46,142,126.0,51.1,5.9,7,High,8,40,5000,2,Normal,Bajo,1561.7,751,-810.7
Emily Park,2025-09-21,Sun,35,F,168.7,65,7944,Weight Training,Low,55,200,121.0,50.6,5.9,6,Moderate,8,40,5000,2,Más Energía,Neutral,1619.7,1363,-256.7
Emily Park,2025-09-22,Mon,35,F,168.7,65,8532,Weight Training,Low,67,215,120.0,50.5,6.1,6,Moderate,8,40,5000,2,Más Energía,Neutral,1634.7,1571,-63.7
Emily Park,2025-09-23,Tue,35,F,168.7,65,5330,Weight Training,Medium,21,99,120.0,50.6,5.5,6,Moderate,8,40,5000,3,Normal,Bajo,1518.7,1206,-312.7
Emily Park,2025-09-24,Wed,35,F,168.7,65,5772,Weight Training,Medium,21,101,138.0,50.0,6.4,6,Moderate,8,40,5000,7,Normal,Excelente,1520.7,1928,407.3
Emily Park,2025-09-25,Thu,35,F,168.7,65,7496,Running,High,26,389,143.0,50.0,7.4,6,Moderate,8,40,5000,5,Normal,Neutral,1808.7,1451,-357.7
Emily Park,2025-09-26,Fri,35,F,168.7,65,7464,Running,High,26,325,136.0,50.0,7.3,6,Moderate,8,40,5000,7,Normal,Neutral,1744.7,1634,-110.7
Emily Park,2025-09-27,Sat,35,F,168.7,65,5821,Weight Training,Low,58,180,116.0,50.0,7.1,5,Moderate,8,40,5000,0,Normal,Excelente,1599.7,1632,32.3
Emily Park,2025-09-28,Sun,35,F,168.7,65,14995,Running,Low,80,459,119.0,50.0,7.7,6,Moderate,8,40,5000,7,Normal,Excelente,1878.7,2239,360.3
Emily Park,2025-09-29,Mon,35,F,168.7,65,14099,Running,Low,80,524,119.0,50.0,7.8,6,Moderate,8,40,5000,3,Náusea,Excelente,1943.7,1584,-359.7
Emily Park,2025-09-30,Tue,35,F,168.7,65,10120,Running,Low,80,494,123.0,50.0,7.1,6,Moderate,8,40,5000,10,Más Energía,Excelente,1913.7,2204,290.3
Emily Park,2025-10-01,Wed,35,F,168.7,65,7927,Weight Training,Medium,116,613,124.0,50.0,7.3,6,Moderate,8,40,5000,0,Normal,Neutral,2032.7,2035,2.3
Emily Park,2025-10-02,Thu,35,F,168.7,65,6917,Basketball,Medium,88,563,135.0,50.0,7.5,5,Moderate,8,40,5000,7,Normal,Bajo,1982.7,1737,-245.7
Emily Park,2025-10-03,Fri,35,F,168.7,65,6300,Basketball,Medium,88,610,121.0,50.0,7.2,4,Moderate,8,40,5000,3,Normal,Neutral,2029.7,2145,115.3
Emily Park,2025-10-04,Sat,35,F,168.7,65,4899,Basketball,Low,55,284,125.0,50.0,7.0,5,Moderate,8,40,5000,5,Normal,Bajo,1703.7,1753,49.3
Emily Park,2025-10-05,Sun,35,F,168.7,65,8943,Basketball,Low,55,342,136.0,50.0,7.5,4,Moderate,8,40,5000,7,Normal,Neutral,1761.7,1611,-150.7
Emily Park,2025-10-06,Mon,35,F,168.7,65,8124,Basketball,Low,55,286,133.0,50.0,8.0,5,Moderate,8,40,5000,3,Más Energía,Neutral,1705.7,1723,17.3
Emily Park,2025-10-07,Tue,35,F,168.7,65,6925,Basketball,Medium,114,786,154.0,50.0,6.8,5,Moderate,8,40,5000,2,Normal,Excelente,2205.7,2109,-96.7
Emily Park,2025-10-08,Wed,35,F,168.7,65,5880,Basketball,Medium,114,675,147.0,50.0,6.5,5,Moderate,8,40,5000,8,Más Energía,Neutral,2094.7,2123,28.3
Emily Park,2025-10-09,Thu,35,F,168.7,65,7341,Basketball,Medium,114,856,150.0,50.3,5.7,6,Moderate,8,40,5000,2,Débil,Excelente,2275.7,2441,165.3
Emily Park,2025-10-10,Fri,35,F,168.7,65,4847,Cycling,Medium,79,603,152.0,50.3,5.2,6,Moderate,8,40,5000,8,Normal,Neutral,2022.7,2419,396.3
Emily Park,2025-10-11,Sat,35,F,168.7,65,4262,Cycling,Medium,79,591,152.0,50.6,4.7,6,Moderate,8,40,5000,1,Más Energía,Bajo,2010.7,1701,-309.7
Emily Park,2025-10-12,Sun,35,F,168.7,65,10088,Walking,Low,72,329,141.0,50.9,4.4,7,High,8,40,5000,1,Normal,Excelente,1748.7,2281,532.3
Emily Park,2025-10-13,Mon,35,F,168.7,65,11143,Walking,Low,71,458,149.0,50.6,5.2,7,High,8,40,5000,1,Normal,Excelente,1877.7,1389,-488.7
Emily Park,2025-10-14,Tue,35,F,168.7,65,3760,Dancing,Medium,74,345,145.0,50.0,3.7,6,Moderate,8,40,5000,5,Normal,Bajo,1764.7,1726,-38.7
Emily Park,2025-10-15,Wed,35,F,168.7,65,3760,Dancing,Medium,74,372,137.0,50.5,4.0,6,Moderate,8,40,5000,2,Más Energía,Bajo,1791.7,1938,146.3
Emily Park,2025-10-16,Thu,35,F,168.7,65,3818,Dancing,Medium,74,323,143.0,50.6,4.3,7,High,8,40,5000,8,Normal,Bajo,1742.7,1812,69.3
Emily Park,2025-10-17,Fri,35,F,168.7,65,5047,Dancing,Low,56,206,124.0,50.0,4.0,8,High,8,40,5000,3,Más Energía,Neutral,1625.7,1470,-155.7
Emily Park,2025-10-18,Sat,35,F,168.7,65,8855,Dancing,Medium,34,194,137.0,50.0,4.2,8,High,8,40,5000,0,Náusea,Neutral,1613.7,1561,-52.7
Emily Park,2025-10-19,Sun,35,F,168.7,65,11239,Walking,Low,64,314,120.0,50.0,4.5,7,High,8,40,5000,3,Normal,Excelente,1733.7,1610,-123.7
Emily Park,2025-10-20,Mon,35,F,168.7,65,8503,Dancing,Medium,47,171,149.0,50.0,4.5,7,High,8,40,5000,0,Débil,Neutral,1590.7,1443,-147.7
Emily Park,2025-10-21,Tue,35,F,168.7,65,4682,Dancing,Medium,60,292,147.0,50.0,4.0,8,High,8,40,5000,4,Normal,Bajo,1711.7,1924,212.3
Emily Park,2025-10-22,Wed,35,F,168.7,65,9682,Walking,Low,60,319,144.0,50.1,6.0,8,High,8,40,5000,3,Normal,Excelente,1738.7,1827,88.3
Emily Park,2025-10-23,Thu,35,F,168.7,65,6734,Dancing,Medium,79,344,163.0,50.0,4.2,8,High,8,40,5000,7,Normal,Neutral,1763.7,1590,-173.7
Emily Park,2025-10-24,Fri,35,F,168.7,65,6382,Dancing,Medium,79,387,157.0,50.0,7.1,8,High,8,40,5000,7,Normal,Bajo,1806.7,2031,224.3
Emily Park,2025-10-25,Sat,35,F,168.7,65,5295,Dancing,Medium,75,338,127.0,50.0,4.0,8,High,8,40,5000,6,Más Energía,Excelente,1757.7,1834,76.3
Emily Park,2025-10-26,Sun,35,F,168.7,65,9314,Dancing,Medium,75,455,139.0,50.0,4.6,7,High,8,40,5000,2,Normal,Excelente,1874.7,2077,202.3
Emily Park,2025-10-27,Mon,35,F,168.7,65,13318,Walking,Low,69,348,155.0,50.0,4.2,6,Moderate,8,40,5000,0,Normal,Excelente,1767.7,1925,157.3
Emily Park,2025-10-28,Tue,35,F,168.7,65,6988,Dancing,High,69,425,156.0,50.1,5.3,6,Moderate,8,40,5000,0,Mareo,Neutral,1844.7,1637,-207.7
Emily Park,2025-10-29,Wed,35,F,168.7,65,6773,Running,Medium,95,810,141.0,50.2,4.0,7,High,8,40,5000,10,Normal,Neutral,2229.7,2089,-140.7
Emily Park,2025-10-30,Thu,35,F,168.7,65,5173,Dancing,High,60,751,153.0,50.4,4.1,7,High,8,40,5000,2,Normal,Neutral,2170.7,2357,186.3
Emily Park,2025-10-31,Fri,35,F,168.7,65,5287,Dancing,High,70,810,164.0,50.3,4.0,6,Moderate,8,40,5000,5,Más Energía,Neutral,2229.7,2382,152.3
Emily Park,2025-11-01,Sat,35,F,168.7,65,4865,Dancing,High,55,609,151.0,50.3,8.1,7,High,8,40,5000,6,Más Energía,Bajo,2028.7,2023,-5.7
Emily Park,2025-11-02,Sun,35,F,168.7,65,4481,Dancing,Medium,36,199,129.0,50.3,4.4,8,High,8,40,5000,5,Normal,Bajo,1618.7,1648,29.3
Emily Park,2025-11-03,Mon,35,F,168.7,65,13797,Walking,Low,67,201,129.0,50.4,5.2,8,High,8,40,5000,5,Más Energía,Excelente,1620.7,1940,319.3
Emily Park,2025-11-04,Tue,35,F,168.7,65,7582,Dancing,Medium,36,180,130.0,50.7,4.0,7,High,8,40,5000,5,Más Energía,Neutral,1599.7,1451,-148.7
Emily Park,2025-11-05,Wed,35,F,168.7,65,8939,Dancing,Medium,36,237,140.0,50.9,4.0,7,High,8,40,5000,2,Normal,Bajo,1656.7,1793,136.3
Emily Park,2025-11-06,Thu,35,F,168.7,65,8591,Dancing,High,36,182,137.0,50.9,4.1,9,Very High,8,40,5000,5,Normal,Bajo,1601.7,1551,-50.7
Emily Park,2025-11-07,Fri,35,F,168.7,65,8127,Dancing,High,36,198,143.0,50.6,4.6,7,High,8,40,5000,7,Normal,Neutral,1617.7,1563,-54.7
Emily Park,2025-11-08,Sat,35,F,168.7,65,8200,Dancing,Medium,30,158,151.0,50.6,6.3,7,High,8,40,5000,10,Normal,Neutral,1577.7,1852,274.3
Emily Park,2025-11-09,Sun,35,F,168.7,65,10912,Dancing,Medium,31,162,131.0,50.6,5.2,6,Moderate,8,40,5000,10,Normal,Excelente,1581.7,1788,206.3
Emily Park,2025-11-10,Mon,35,F,168.7,65,12119,Basketball,Medium,82,889,153.0,50.7,5.0,6,Moderate,8,40,5000,1,Normal,Neutral,2308.7,2512,203.3
Emily Park,2025-11-11,Tue,35,F,168.7,65,6656,Basketball,Medium,82,537,146.0,51.5,4.8,6,Moderate,8,40,5000,4,Normal,Neutral,1956.7,2283,326.3
Emily Park,2025-11-12,Wed,35,F,168.7,65,6509,Walking,Medium,84,316,121.0,51.3,4.7,7,High,8,40,5000,0,Normal,Neutral,1735.7,1740,4.3
Emily Park,2025-11-13,Thu,35,F,168.7,65,4477,Basketball,Medium,48,276,122.0,51.5,5.1,8,High,8,40,5000,0,Normal,Bajo,1695.7,1866,170.3
Emily Park,2025-11-14,Fri,35,F,168.7,65,10011,Basketball,Medium,58,560,146.0,51.9,6.0,8,High,8,40,5000,4,Normal,Excelente,1979.7,1902,-77.7
Emily Park,2025-11-15,Sat,35,F,168.7,65,8403,Basketball,Medium,48,420,146.0,51.9,5.9,7,High,8,40,5000,2,Normal,Neutral,1839.7,1920,80.3
Emily Park,2025-11-16,Sun,35,F,168.7,65,14277,Basketball,Medium,58,496,151.0,52.9,6.3,8,High,8,40,5000,3,Más Energía,Excelente,1915.7,1883,-32.7
Emily Park,2025-11-17,Mon,35,F,168.7,65,13380,Basketball,Medium,50,500,145.0,52.7,4.8,7,High,8,40,5000,2,Normal,Excelente,1919.7,1943,23.3
Emily Park,2025-11-18,Tue,35,F,168.7,65,9150,Basketball,Medium,38,371,157.0,52.8,5.4,7,High,8,40,5000,0,Más Energía,Excelente,1790.7,1939,148.3
Emily Park,2025-11-19,Wed,35,F,168.7,65,6442,Yoga,High,77,363,126.0,52.5,5.6,5,Moderate,8,40,5000,0,Normal,Excelente,1782.7,1578,-204.7
Emily Park,2025-11-20,Thu,35,F,168.7,65,6962,Yoga,High,70,339,155.0,52.3,5.7,7,High,8,40,5000,4,Náusea,Neutral,1758.7,2281,522.3
Emily Park,2025-11-21,Fri,35,F,168.7,65,6432,Yoga,High,80,317,129.0,52.4,6.1,7,High,8,40,5000,5,Normal,Bajo,1736.7,1485,-251.7
Emily Park,2025-11-22,Sat,35,F,168.7,65,7310,Yoga,Medium,80,208,139.0,52.8,6.3,8,High,8,40,5000,2,Débil,Neutral,1627.7,1324,-303.7
Emily Park,2025-11-23,Sun,35,F,168.7,65,12948,Yoga,Medium,88,273,131.0,52.9,6.5,6,Moderate,8,40,5000,8,Normal,Neutral,1692.7,1982,289.3
Emily Park,2025-11-24,Mon,35,F,168.7,65,11273,Yoga,Medium,88,270,149.0,53.4,7.2,7,High,8,40,5000,4,Normal,Excelente,1689.7,1887,197.3
Emily Park,2025-11-25,Tue,35,F,168.7,65,7420,Yoga,Medium,88,228,146.0,53.3,7.7,7,High,8,40,5000,7,Más Energía,Neutral,1647.7,1803,155.3
Emily Park,2025-11-26,Wed,35,F,168.7,65,9373,Yoga,Medium,90,298,141.0,53.2,7.9,7,High,8,40,5000,0,Normal,Excelente,1717.7,1874,156.3
Emily Park,2025-11-27,Thu,35,F,168.7,65,5093,Weight Training,High,21,176,152.0,54.3,8.2,5,Moderate,8,40,5000,4,Normal,Neutral,1595.7,1592,-3.7
Emily Park,2025-11-28,Fri,35,F,168.7,65,5977,Yoga,Medium,104,293,123.0,54.4,8.1,6,Moderate,8,40,5000,2,Normal,Neutral,1712.7,1488,-224.7
Emily Park,2025-11-29,Sat,35,F,168.7,65,8852,Tennis,High,64,650,144.0,54.1,7.9,6,Moderate,8,40,5000,0,Normal,Excelente,2069.7,2088,18.3
Emily Park,2025-11-30,Sun,35,F,168.7,65,15042,Walking,Low,92,651,165.0,53.8,8.7,6,Moderate,8,40,5000,3,Normal,Excelente,2070.7,1901,-169.7
Emily Park,2025-12-01,Mon,35,F,168.7,65,12495,Tennis,Low,58,605,159.0,53.4,7.0,6,Moderate,8,40,5000,4,Normal,Excelente,2024.7,2268,243.3
Emily Park,2025-12-02,Tue,35,F,168.7,65,8878,Tennis,Medium,76,766,154.0,53.8,7.0,5,Moderate,8,40,5000,6,Náusea,Bajo,2185.7,2148,-37.7
Emily Park,2025-12-03,Wed,35,F,168.7,65,9873,Tennis,High,85,860,134.0,53.7,7.2,5,Moderate,8,40,5000,0,Normal,Excelente,2279.7,2073,-206.7
Emily Park,2025-12-04,Thu,35,F,168.7,65,10523,Walking,Low,76,583,145.0,53.7,7.0,5,Moderate,8,40,5000,2,Normal,Neutral,2002.7,1922,-80.7
Emily Park,2025-12-05,Fri,35,F,168.7,65,10102,Tennis,Medium,87,791,159.0,53.7,7.0,4,Moderate,8,40,5000,1,Normal,Excelente,2210.7,2313,102.3
Emily Park,2025-12-06,Sat,35,F,168.7,65,7867,Tennis,High,76,663,163.0,54.0,7.4,5,Moderate,8,40,5000,8,Normal,Neutral,2082.7,1941,-141.7
Emily Park,2025-12-07,Sun,35,F,168.7,65,20846,Tennis,Medium,119,913,146.0,53.6,7.9,5,Moderate,8,40,5000,9,Normal,Excelente,2332.7,2127,-205.7
Emily Park,2025-12-08,Mon,35,F,168.7,65,9860,Yoga,Medium,46,192,124.0,53.2,7.4,5,Moderate,8,40,5000,5,Más Energía,Excelente,1611.7,1672,60.3
Emily Park,2025-12-09,Tue,35,F,168.7,65,6741,Yoga,Low,39,170,136.0,53.2,6.6,5,Moderate,8,40,5000,9,Normal,Excelente,1589.7,1650,60.3
Emily Park,2025-12-10,Wed,35,F,168.7,65,7868,Yoga,Medium,63,199,140.0,53.5,7.6,5,Moderate,8,40,5000,2,Normal,Neutral,1618.7,1491,-127.7
Emily Park,2025-12-11,Thu,35,F,168.7,65,5817,Yoga,Medium,31,156,124.0,53.6,7.5,5,Moderate,8,40,5000,7,Normal,Neutral,1575.7,1457,-118.7
Emily Park,2025-12-12,Fri,35,F,168.7,65,8022,Dancing,Low,52,198,115.0,53.3,7.0,4,Moderate,8,40,5000,7,Normal,Neutral,1617.7,1675,57.3
Emily Park,2025-12-13,Sat,35,F,168.7,65,6617,Dancing,Medium,21,117,144.0,53.5,7.6,4,Moderate,8,40,5000,1,Más Energía,Neutral,1536.7,1174,-362.7
Emily Park,2025-12-14,Sun,35,F,168.7,65,5872,Dancing,Medium,30,202,149.0,53.2,8.0,5,Moderate,8,40,5000,5,Normal,Neutral,1621.7,1269,-352.7
Emily Park,2025-12-15,Mon,35,F,168.7,65,7578,Dancing,Medium,48,310,140.0,53.0,8.0,5,Moderate,8,40,5000,6,Normal,Neutral,1729.7,1550,-179.7
Emily Park,2025-12-16,Tue,35,F,168.7,65,4440,Dancing,Low,101,433,117.0,52.6,7.4,6,Moderate,8,40,5000,1,Débil,Neutral,1852.7,1799,-53.7
Emily Park,2025-12-17,Wed,35,F,168.7,65,5019,Dancing,Low,119,478,117.0,53.1,8.0,5,Moderate,8,40,5000,10,Normal,Neutral,1897.7,1975,77.3
Emily Park,2025-12-18,Thu,35,F,168.7,65,7165,Weight Training,Low,52,205,120.0,53.4,7.8,4,Moderate,8,40,5000,9,Mareo,Neutral,1624.7,1993,368.3
Emily Park,2025-12-19,Fri,35,F,168.7,65,5723,Dancing,High,107,827,147.0,53.6,6.5,5,Moderate,8,40,5000,1,Normal,Bajo,2246.7,2461,214.3
Emily Park,2025-12-20,Sat,35,F,168.7,65,5832,Dancing,High,79,786,148.0,54.1,6.7,5,Moderate,8,40,5000,9,Más Energía,Bajo,2205.7,2165,-40.7
Emily Park,2025-12-21,Sun,35,F,168.7,65,2679,Weight Training,Low,83,346,125.0,55.2,6.3,5,Moderate,8,40,5000,0,Normal,Bajo,1765.7,1760,-5.7
Emily Park,2025-12-22,Mon,35,F,168.7,65,11268,Dancing,Low,88,289,122.0,54.5,8.0,6,Moderate,8,40,5000,7,Más Energía,Excelente,1708.7,1458,-250.7
Emily Park,2025-12-23,Tue,35,F,168.7,65,7283,Weight Training,Low,50,175,89.5,54.2,7.8,5,Moderate,8,40,5000,0,Normal,Bajo,1594.7,1590,-4.7
Emily Park,2025-12-24,Wed,35,F,168.7,65,6862,Weight Training,Low,23,81,89.7,54.0,4.1,7,High,8,40,5000,8,Normal,Bajo,1500.7,1428,-72.7
Emily Park,2025-12-25,Thu,35,F,168.7,65,4798,Walking,Low,10,25,80.2,53.6,6.2,9,Very High,8,40,5000,10,Normal,Bajo,1444.7,1525,80.3
Emily Park,2025-12-26,Fri,35,F,168.7,65,5639,Weight Training,Low,32,112,89.5,53.2,8.2,3,Low,8,40,5000,5,Más Energía,Neutral,1531.7,1324,-207.7
Emily Park,2025-12-27,Sat,35,F,168.7,65,7597,Dancing,Medium,118,709,113.0,53.1,7.5,3,Low,8,40,5000,6,Más Energía,Excelente,2128.7,2258,129.3
Emily Park,2025-12-28,Sun,35,F,168.7,65,12518,Weight Training,Low,122,427,89.5,52.6,7.3,4,Moderate,8,40,5000,9,Más Energía,Excelente,1846.7,2229,382.3
Emily Park,2025-12-29,Mon,35,F,168.7,65,9447,Walking,Low,35,88,80.3,52.7,5.7,4,Moderate,8,40,5000,6,Normal,Excelente,1507.7,1480,-27.7
Emily Park,2025-12-30,Tue,35,F,168.7,65,3265,Weight Training,Medium,45,225,103.6,52.7,6.7,4,Moderate,8,40,5000,9,Más Energía,Bajo,1644.7,1745,100.3
Emily Park,2025-12-31,Wed,35,F,168.7,65,8245,Walking,Low,10,25,80.2,52.9,3.8,6,Moderate,8,40,5000,2,Normal,Bajo,1444.7,1617,172.3
